letter,n,accuracy
A,115,0.6695652173913044
B,84,0.7142857142857143
C,115,0.8173913043478261
D,108,0.7962962962962963
