letter,n,accuracy,predicted_as_this
A,122,0.6311475409836066,0
B,115,0.5217391304347826,0
C,147,0.6394557823129252,0
D,135,0.6370370370370371,0
