letter,n,accuracy
A,172,0.47093023255813954
B,76,0.6052631578947368
C,84,0.6428571428571429
D,88,0.6363636363636364
