letter,n,accuracy,predicted_as_this
A,122,0.6639344262295082,0
B,115,0.4,0
C,147,0.3673469387755102,0
D,135,0.4148148148148148,0
